<?xml version="1.0" encoding="UTF-8"?>
<project-private xmlns="http://www.netbeans.org/ns/project-private/1">
    <data xmlns="http://www.netbeans.org/ns/make-project-private/1">
        <activeConfTypeElem>1</activeConfTypeElem>
        <activeConfIndexElem>0</activeConfIndexElem>
    </data>
    <editor-bookmarks xmlns="http://www.netbeans.org/ns/editor-bookmarks/2" lastBookmarkId="0"/>
    <open-files xmlns="http://www.netbeans.org/ns/projectui-open-files/2">
        <group name="CMPS 109"/>
        <group name="CMPS109">
            <file>file:/home/kmsobh/NetBeansProjects/SimpleWebCache/headers/HTTPHTMLService.h</file>
            <file>file:/home/kmsobh/NetBeansProjects/SimpleWebCache/headers/HTTPService.h</file>
            <file>file:/home/kmsobh/NetBeansProjects/SimpleWebCache/main.cpp</file>
            <file>file:/home/kmsobh/NetBeansProjects/SimpleWebCache/sources/HTTPHTMLService.cpp</file>
            <file>file:/home/kmsobh/NetBeansProjects/SimpleWebCache/sources/FileCache.cpp</file>
            <file>file:/home/kmsobh/NetBeansProjects/SimpleWebCache/sources/HTTPService.cpp</file>
            <file>file:/home/kmsobh/NetBeansProjects/SimpleWebCache/sources/HTTPServiceManager.cpp</file>
            <file>file:/home/kmsobh/NetBeansProjects/SimpleWebCache/sources/FileCacheItem.cpp</file>
            <file>file:/home/kmsobh/NetBeansProjects/SimpleWebCache/headers/HTTPServiceManager.h</file>
        </group>
        <group>
            <file>file:/home/debian/NetBeansProjects/SimpleWebCache/sources/HTTPRequest.cpp</file>
            <file>file:/home/debian/NetBeansProjects/SimpleWebCache/headers/TCPServerSocket.h</file>
            <file>file:/home/debian/NetBeansProjects/SimpleWebCache/main.cpp</file>
            <file>file:/home/debian/NetBeansProjects/SimpleWebCache/sources/TCPSSLServerSocket.h</file>
            <file>file:/home/debian/NetBeansProjects/SimpleWebCache/sources/TCPSocket.cpp</file>
            <file>file:/home/debian/NetBeansProjects/SimpleWebCache/sources/TCPSSLServerSocket.cpp</file>
            <file>file:/home/debian/NetBeansProjects/SimpleWebCache/sources/TCPServerSocket.cpp</file>
        </group>
    </open-files>
</project-private>
